fit_attempt_id,processing_run_id,sample_id,raw_file,run_timestamp_utc,software_version,processing_mode,fit_attempt_status,fit_model,solver,bound_profile_id,wavenumber_min_cm1,wavenumber_max_cm1,threshold,adjustment_factor,atmospheric_correction_method,baseline_method,baseline_config_json,detected_peak_count,fitted_peak_count,fit_converged,solver_status,solver_message,nfev,rmse,residual_mean,residual_max_abs,input_qc_pass,input_qc_reason,baseline_qc_pass,baseline_qc_reason,baseline_over_fraction,baseline_max_overshoot,baseline_oversubtraction_area,zero_clipping_fraction,fit_valid,fit_valid_reason,needs_manual_review,manual_review_reason,overall_qc,overall_qc_reason,triggered_rule_count,notes
original-anchor-spline-011a-gaussian,original-anchor-spline-011a,011a,011a as iso Hyd2 dark titration 0 mV.0022,2026-07-28T19:31:12Z,week6_standalone_peak_fitting_wrapper_v0.1,automated,completed,Gaussian,scipy.optimize.curve_fit,pD6_bounds_v0.1,1848.0,2149.0,,,,anchor_point_spline,"{""adjustment_factor"":1.0,""baseline_family"":""Original ProSpecPy"",""baseline_implementation"":""ProSpecPy_original"",""baseline_method"":""anchor_point_spline"",""config_source"":""workflow_demo.ipynb original anchor+spline workflow"",""negative_values_clipped_to_zero"":true,""peak_threshold"":0.35,""spline_degree"":3,""spline_smooth"":0.0}",1,1,TRUE,COMPLETED,,,0.0001610025448897734,-6.686248164519707e-07,0.0012535949276810433,TRUE,,TRUE,,,,,0.788,TRUE,,FALSE,,TRUE,,0,"candidate_peak_source=/workspaces/ProSpecPy/peak_fitting_results_original/erni_inputs/candidate_peaks/original-anchor-spline-011a_candidate_peaks.csv; metadata_notes=Prepared from the Original ProSpecPy anchor-point + spline baseline output. Negative corrected values are clipped to zero by the original implementation. Baseline QC is provisional numeric availability QC, not a validated baseline-quality threshold."
original-anchor-spline-011a-lorentzian,original-anchor-spline-011a,011a,011a as iso Hyd2 dark titration 0 mV.0022,2026-07-28T19:31:12Z,week6_standalone_peak_fitting_wrapper_v0.1,automated,completed,Lorentzian,scipy.optimize.curve_fit,pD6_bounds_v0.1,1848.0,2149.0,,,,anchor_point_spline,"{""adjustment_factor"":1.0,""baseline_family"":""Original ProSpecPy"",""baseline_implementation"":""ProSpecPy_original"",""baseline_method"":""anchor_point_spline"",""config_source"":""workflow_demo.ipynb original anchor+spline workflow"",""negative_values_clipped_to_zero"":true,""peak_threshold"":0.35,""spline_degree"":3,""spline_smooth"":0.0}",1,1,TRUE,COMPLETED,,,0.002414454048648426,-0.0006678298713611495,0.011588903286280199,TRUE,,TRUE,,,,,0.788,TRUE,,FALSE,,TRUE,,0,"candidate_peak_source=/workspaces/ProSpecPy/peak_fitting_results_original/erni_inputs/candidate_peaks/original-anchor-spline-011a_candidate_peaks.csv; metadata_notes=Prepared from the Original ProSpecPy anchor-point + spline baseline output. Negative corrected values are clipped to zero by the original implementation. Baseline QC is provisional numeric availability QC, not a validated baseline-quality threshold."
original-anchor-spline-011b-gaussian,original-anchor-spline-011b,011b,011b as iso Hyd2 dark titration -50 mV.0004,2026-07-28T19:31:12Z,week6_standalone_peak_fitting_wrapper_v0.1,automated,completed,Gaussian,scipy.optimize.curve_fit,pD6_bounds_v0.1,1848.0,2149.0,,,,anchor_point_spline,"{""adjustment_factor"":1.0,""baseline_family"":""Original ProSpecPy"",""baseline_implementation"":""ProSpecPy_original"",""baseline_method"":""anchor_point_spline"",""config_source"":""workflow_demo.ipynb original anchor+spline workflow"",""negative_values_clipped_to_zero"":true,""peak_threshold"":0.35,""spline_degree"":3,""spline_smooth"":0.0}",1,1,TRUE,COMPLETED,,,0.00017991526204870722,-5.405916650487862e-06,0.0013638888809186824,TRUE,,TRUE,,,,,0.8,TRUE,,FALSE,,TRUE,,0,"candidate_peak_source=/workspaces/ProSpecPy/peak_fitting_results_original/erni_inputs/candidate_peaks/original-anchor-spline-011b_candidate_peaks.csv; metadata_notes=Prepared from the Original ProSpecPy anchor-point + spline baseline output. Negative corrected values are clipped to zero by the original implementation. Baseline QC is provisional numeric availability QC, not a validated baseline-quality threshold."
original-anchor-spline-011b-lorentzian,original-anchor-spline-011b,011b,011b as iso Hyd2 dark titration -50 mV.0004,2026-07-28T19:31:12Z,week6_standalone_peak_fitting_wrapper_v0.1,automated,completed,Lorentzian,scipy.optimize.curve_fit,pD6_bounds_v0.1,1848.0,2149.0,,,,anchor_point_spline,"{""adjustment_factor"":1.0,""baseline_family"":""Original ProSpecPy"",""baseline_implementation"":""ProSpecPy_original"",""baseline_method"":""anchor_point_spline"",""config_source"":""workflow_demo.ipynb original anchor+spline workflow"",""negative_values_clipped_to_zero"":true,""peak_threshold"":0.35,""spline_degree"":3,""spline_smooth"":0.0}",1,1,TRUE,COMPLETED,,,0.0024693732447877564,-0.0006744253231518223,0.01210829872111504,TRUE,,TRUE,,,,,0.8,TRUE,,FALSE,,TRUE,,0,"candidate_peak_source=/workspaces/ProSpecPy/peak_fitting_results_original/erni_inputs/candidate_peaks/original-anchor-spline-011b_candidate_peaks.csv; metadata_notes=Prepared from the Original ProSpecPy anchor-point + spline baseline output. Negative corrected values are clipped to zero by the original implementation. Baseline QC is provisional numeric availability QC, not a validated baseline-quality threshold."
original-anchor-spline-011c-gaussian,original-anchor-spline-011c,011c,011c as iso Hyd2 dark titration -100 mV.0003,2026-07-28T19:31:12Z,week6_standalone_peak_fitting_wrapper_v0.1,automated,completed,Gaussian,scipy.optimize.curve_fit,pD6_bounds_v0.1,1848.0,2149.0,,,,anchor_point_spline,"{""adjustment_factor"":1.0,""baseline_family"":""Original ProSpecPy"",""baseline_implementation"":""ProSpecPy_original"",""baseline_method"":""anchor_point_spline"",""config_source"":""workflow_demo.ipynb original anchor+spline workflow"",""negative_values_clipped_to_zero"":true,""peak_threshold"":0.35,""spline_degree"":3,""spline_smooth"":0.0}",2,2,TRUE,COMPLETED,,,0.00026452117173005177,-1.9621257960962613e-05,0.0017140097400931364,TRUE,,TRUE,,,,,0.634,TRUE,,FALSE,,TRUE,,0,"candidate_peak_source=/workspaces/ProSpecPy/peak_fitting_results_original/erni_inputs/candidate_peaks/original-anchor-spline-011c_candidate_peaks.csv; metadata_notes=Prepared from the Original ProSpecPy anchor-point + spline baseline output. Negative corrected values are clipped to zero by the original implementation. Baseline QC is provisional numeric availability QC, not a validated baseline-quality threshold."
original-anchor-spline-011c-lorentzian,original-anchor-spline-011c,011c,011c as iso Hyd2 dark titration -100 mV.0003,2026-07-28T19:31:12Z,week6_standalone_peak_fitting_wrapper_v0.1,automated,completed,Lorentzian,scipy.optimize.curve_fit,pD6_bounds_v0.1,1848.0,2149.0,,,,anchor_point_spline,"{""adjustment_factor"":1.0,""baseline_family"":""Original ProSpecPy"",""baseline_implementation"":""ProSpecPy_original"",""baseline_method"":""anchor_point_spline"",""config_source"":""workflow_demo.ipynb original anchor+spline workflow"",""negative_values_clipped_to_zero"":true,""peak_threshold"":0.35,""spline_degree"":3,""spline_smooth"":0.0}",2,2,TRUE,COMPLETED,,,0.0025868802260197873,-0.000765727492746681,0.012451433750463661,TRUE,,TRUE,,,,,0.634,TRUE,,FALSE,,TRUE,,0,"candidate_peak_source=/workspaces/ProSpecPy/peak_fitting_results_original/erni_inputs/candidate_peaks/original-anchor-spline-011c_candidate_peaks.csv; metadata_notes=Prepared from the Original ProSpecPy anchor-point + spline baseline output. Negative corrected values are clipped to zero by the original implementation. Baseline QC is provisional numeric availability QC, not a validated baseline-quality threshold."
original-anchor-spline-011d-gaussian,original-anchor-spline-011d,011d,011d as iso Hyd2 dark titration -1050mV.0007,2026-07-28T19:31:12Z,week6_standalone_peak_fitting_wrapper_v0.1,automated,completed,Gaussian,scipy.optimize.curve_fit,pD6_bounds_v0.1,1848.0,2149.0,,,,anchor_point_spline,"{""adjustment_factor"":1.0,""baseline_family"":""Original ProSpecPy"",""baseline_implementation"":""ProSpecPy_original"",""baseline_method"":""anchor_point_spline"",""config_source"":""workflow_demo.ipynb original anchor+spline workflow"",""negative_values_clipped_to_zero"":true,""peak_threshold"":0.35,""spline_degree"":3,""spline_smooth"":0.0}",1,1,TRUE,COMPLETED,,,0.0002244021339396782,-9.920652528043097e-06,0.0015234864277889962,TRUE,,TRUE,,,,,0.795,TRUE,,FALSE,,TRUE,,0,"candidate_peak_source=/workspaces/ProSpecPy/peak_fitting_results_original/erni_inputs/candidate_peaks/original-anchor-spline-011d_candidate_peaks.csv; metadata_notes=Prepared from the Original ProSpecPy anchor-point + spline baseline output. Negative corrected values are clipped to zero by the original implementation. Baseline QC is provisional numeric availability QC, not a validated baseline-quality threshold."
original-anchor-spline-011d-lorentzian,original-anchor-spline-011d,011d,011d as iso Hyd2 dark titration -1050mV.0007,2026-07-28T19:31:12Z,week6_standalone_peak_fitting_wrapper_v0.1,automated,completed,Lorentzian,scipy.optimize.curve_fit,pD6_bounds_v0.1,1848.0,2149.0,,,,anchor_point_spline,"{""adjustment_factor"":1.0,""baseline_family"":""Original ProSpecPy"",""baseline_implementation"":""ProSpecPy_original"",""baseline_method"":""anchor_point_spline"",""config_source"":""workflow_demo.ipynb original anchor+spline workflow"",""negative_values_clipped_to_zero"":true,""peak_threshold"":0.35,""spline_degree"":3,""spline_smooth"":0.0}",1,1,TRUE,COMPLETED,,,0.002426733351474353,-0.0006551546939539652,0.011915647860992085,TRUE,,TRUE,,,,,0.795,TRUE,,FALSE,,TRUE,,0,"candidate_peak_source=/workspaces/ProSpecPy/peak_fitting_results_original/erni_inputs/candidate_peaks/original-anchor-spline-011d_candidate_peaks.csv; metadata_notes=Prepared from the Original ProSpecPy anchor-point + spline baseline output. Negative corrected values are clipped to zero by the original implementation. Baseline QC is provisional numeric availability QC, not a validated baseline-quality threshold."
original-anchor-spline-011e-gaussian,original-anchor-spline-011e,011e,011e as iso Hyd2 dark titration -200mV.0011,2026-07-28T19:31:12Z,week6_standalone_peak_fitting_wrapper_v0.1,automated,completed,Gaussian,scipy.optimize.curve_fit,pD6_bounds_v0.1,1848.0,2149.0,,,,anchor_point_spline,"{""adjustment_factor"":1.0,""baseline_family"":""Original ProSpecPy"",""baseline_implementation"":""ProSpecPy_original"",""baseline_method"":""anchor_point_spline"",""config_source"":""workflow_demo.ipynb original anchor+spline workflow"",""negative_values_clipped_to_zero"":true,""peak_threshold"":0.35,""spline_degree"":3,""spline_smooth"":0.0}",1,1,TRUE,COMPLETED,,,0.00039492576437580415,-2.7907584573188974e-05,0.005135265278024737,TRUE,,TRUE,,,,,0.812,TRUE,,FALSE,,TRUE,,0,"candidate_peak_source=/workspaces/ProSpecPy/peak_fitting_results_original/erni_inputs/candidate_peaks/original-anchor-spline-011e_candidate_peaks.csv; metadata_notes=Prepared from the Original ProSpecPy anchor-point + spline baseline output. Negative corrected values are clipped to zero by the original implementation. Baseline QC is provisional numeric availability QC, not a validated baseline-quality threshold."
original-anchor-spline-011e-lorentzian,original-anchor-spline-011e,011e,011e as iso Hyd2 dark titration -200mV.0011,2026-07-28T19:31:12Z,week6_standalone_peak_fitting_wrapper_v0.1,automated,completed,Lorentzian,scipy.optimize.curve_fit,pD6_bounds_v0.1,1848.0,2149.0,,,,anchor_point_spline,"{""adjustment_factor"":1.0,""baseline_family"":""Original ProSpecPy"",""baseline_implementation"":""ProSpecPy_original"",""baseline_method"":""anchor_point_spline"",""config_source"":""workflow_demo.ipynb original anchor+spline workflow"",""negative_values_clipped_to_zero"":true,""peak_threshold"":0.35,""spline_degree"":3,""spline_smooth"":0.0}",1,1,TRUE,COMPLETED,,,0.002160698443954304,-0.0005237070850419023,0.012939789573375864,TRUE,,TRUE,,,,,0.812,TRUE,,FALSE,,TRUE,,0,"candidate_peak_source=/workspaces/ProSpecPy/peak_fitting_results_original/erni_inputs/candidate_peaks/original-anchor-spline-011e_candidate_peaks.csv; metadata_notes=Prepared from the Original ProSpecPy anchor-point + spline baseline output. Negative corrected values are clipped to zero by the original implementation. Baseline QC is provisional numeric availability QC, not a validated baseline-quality threshold."
original-anchor-spline-011f-gaussian,original-anchor-spline-011f,011f,011f as iso Hyd2 dark titration -250mV.0008,2026-07-28T19:31:12Z,week6_standalone_peak_fitting_wrapper_v0.1,automated,completed,Gaussian,scipy.optimize.curve_fit,pD6_bounds_v0.1,1848.0,2149.0,,,,anchor_point_spline,"{""adjustment_factor"":1.0,""baseline_family"":""Original ProSpecPy"",""baseline_implementation"":""ProSpecPy_original"",""baseline_method"":""anchor_point_spline"",""config_source"":""workflow_demo.ipynb original anchor+spline workflow"",""negative_values_clipped_to_zero"":true,""peak_threshold"":0.35,""spline_degree"":3,""spline_smooth"":0.0}",3,3,TRUE,COMPLETED,,,0.00038137500010693983,-2.1209348918687586e-05,0.002531537562930116,TRUE,,TRUE,,,,,0.574,TRUE,,FALSE,,TRUE,,0,"candidate_peak_source=/workspaces/ProSpecPy/peak_fitting_results_original/erni_inputs/candidate_peaks/original-anchor-spline-011f_candidate_peaks.csv; metadata_notes=Prepared from the Original ProSpecPy anchor-point + spline baseline output. Negative corrected values are clipped to zero by the original implementation. Baseline QC is provisional numeric availability QC, not a validated baseline-quality threshold."
original-anchor-spline-011f-lorentzian,original-anchor-spline-011f,011f,011f as iso Hyd2 dark titration -250mV.0008,2026-07-28T19:31:12Z,week6_standalone_peak_fitting_wrapper_v0.1,automated,completed,Lorentzian,scipy.optimize.curve_fit,pD6_bounds_v0.1,1848.0,2149.0,,,,anchor_point_spline,"{""adjustment_factor"":1.0,""baseline_family"":""Original ProSpecPy"",""baseline_implementation"":""ProSpecPy_original"",""baseline_method"":""anchor_point_spline"",""config_source"":""workflow_demo.ipynb original anchor+spline workflow"",""negative_values_clipped_to_zero"":true,""peak_threshold"":0.35,""spline_degree"":3,""spline_smooth"":0.0}",3,3,TRUE,COMPLETED,,,0.0014681810100553162,-0.00040348594702428265,0.007453323667748408,TRUE,,TRUE,,,,,0.574,TRUE,,FALSE,,TRUE,,0,"candidate_peak_source=/workspaces/ProSpecPy/peak_fitting_results_original/erni_inputs/candidate_peaks/original-anchor-spline-011f_candidate_peaks.csv; metadata_notes=Prepared from the Original ProSpecPy anchor-point + spline baseline output. Negative corrected values are clipped to zero by the original implementation. Baseline QC is provisional numeric availability QC, not a validated baseline-quality threshold."
original-anchor-spline-011g-gaussian,original-anchor-spline-011g,011g,011g as iso Hyd2 dark titration -275mV.0007,2026-07-28T19:31:12Z,week6_standalone_peak_fitting_wrapper_v0.1,automated,completed,Gaussian,scipy.optimize.curve_fit,pD6_bounds_v0.1,1848.0,2149.0,,,,anchor_point_spline,"{""adjustment_factor"":1.0,""baseline_family"":""Original ProSpecPy"",""baseline_implementation"":""ProSpecPy_original"",""baseline_method"":""anchor_point_spline"",""config_source"":""workflow_demo.ipynb original anchor+spline workflow"",""negative_values_clipped_to_zero"":true,""peak_threshold"":0.35,""spline_degree"":3,""spline_smooth"":0.0}",2,2,TRUE,COMPLETED,,,0.0003938717204397806,-2.4387815340933765e-05,0.004514325351886774,TRUE,,TRUE,,,,,0.787,TRUE,,FALSE,,TRUE,,0,"candidate_peak_source=/workspaces/ProSpecPy/peak_fitting_results_original/erni_inputs/candidate_peaks/original-anchor-spline-011g_candidate_peaks.csv; metadata_notes=Prepared from the Original ProSpecPy anchor-point + spline baseline output. Negative corrected values are clipped to zero by the original implementation. Baseline QC is provisional numeric availability QC, not a validated baseline-quality threshold."
original-anchor-spline-011g-lorentzian,original-anchor-spline-011g,011g,011g as iso Hyd2 dark titration -275mV.0007,2026-07-28T19:31:12Z,week6_standalone_peak_fitting_wrapper_v0.1,automated,completed,Lorentzian,scipy.optimize.curve_fit,pD6_bounds_v0.1,1848.0,2149.0,,,,anchor_point_spline,"{""adjustment_factor"":1.0,""baseline_family"":""Original ProSpecPy"",""baseline_implementation"":""ProSpecPy_original"",""baseline_method"":""anchor_point_spline"",""config_source"":""workflow_demo.ipynb original anchor+spline workflow"",""negative_values_clipped_to_zero"":true,""peak_threshold"":0.35,""spline_degree"":3,""spline_smooth"":0.0}",2,2,TRUE,COMPLETED,,,0.0013334212759258477,-0.00024038065199919107,0.00909217801770077,TRUE,,TRUE,,,,,0.787,TRUE,,FALSE,,TRUE,,0,"candidate_peak_source=/workspaces/ProSpecPy/peak_fitting_results_original/erni_inputs/candidate_peaks/original-anchor-spline-011g_candidate_peaks.csv; metadata_notes=Prepared from the Original ProSpecPy anchor-point + spline baseline output. Negative corrected values are clipped to zero by the original implementation. Baseline QC is provisional numeric availability QC, not a validated baseline-quality threshold."
original-anchor-spline-011h-gaussian,original-anchor-spline-011h,011h,011h as iso Hyd2 dark titration -300mV.0006,2026-07-28T19:31:12Z,week6_standalone_peak_fitting_wrapper_v0.1,automated,completed,Gaussian,scipy.optimize.curve_fit,pD6_bounds_v0.1,1848.0,2149.0,,,,anchor_point_spline,"{""adjustment_factor"":1.0,""baseline_family"":""Original ProSpecPy"",""baseline_implementation"":""ProSpecPy_original"",""baseline_method"":""anchor_point_spline"",""config_source"":""workflow_demo.ipynb original anchor+spline workflow"",""negative_values_clipped_to_zero"":true,""peak_threshold"":0.35,""spline_degree"":3,""spline_smooth"":0.0}",1,1,TRUE,COMPLETED,,,0.00018829324884849977,-1.0748141256566954e-05,0.002011071281288007,TRUE,,TRUE,,,,,0.796,TRUE,,FALSE,,TRUE,,0,"candidate_peak_source=/workspaces/ProSpecPy/peak_fitting_results_original/erni_inputs/candidate_peaks/original-anchor-spline-011h_candidate_peaks.csv; metadata_notes=Prepared from the Original ProSpecPy anchor-point + spline baseline output. Negative corrected values are clipped to zero by the original implementation. Baseline QC is provisional numeric availability QC, not a validated baseline-quality threshold."
original-anchor-spline-011h-lorentzian,original-anchor-spline-011h,011h,011h as iso Hyd2 dark titration -300mV.0006,2026-07-28T19:31:12Z,week6_standalone_peak_fitting_wrapper_v0.1,automated,completed,Lorentzian,scipy.optimize.curve_fit,pD6_bounds_v0.1,1848.0,2149.0,,,,anchor_point_spline,"{""adjustment_factor"":1.0,""baseline_family"":""Original ProSpecPy"",""baseline_implementation"":""ProSpecPy_original"",""baseline_method"":""anchor_point_spline"",""config_source"":""workflow_demo.ipynb original anchor+spline workflow"",""negative_values_clipped_to_zero"":true,""peak_threshold"":0.35,""spline_degree"":3,""spline_smooth"":0.0}",1,1,TRUE,COMPLETED,,,0.001874127805682463,-0.0004794015281553593,0.009758459675385217,TRUE,,TRUE,,,,,0.796,TRUE,,FALSE,,TRUE,,0,"candidate_peak_source=/workspaces/ProSpecPy/peak_fitting_results_original/erni_inputs/candidate_peaks/original-anchor-spline-011h_candidate_peaks.csv; metadata_notes=Prepared from the Original ProSpecPy anchor-point + spline baseline output. Negative corrected values are clipped to zero by the original implementation. Baseline QC is provisional numeric availability QC, not a validated baseline-quality threshold."
original-anchor-spline-011i-gaussian,original-anchor-spline-011i,011i,011i as iso Hyd2 dark titration -325mV.0008,2026-07-28T19:31:12Z,week6_standalone_peak_fitting_wrapper_v0.1,automated,completed,Gaussian,scipy.optimize.curve_fit,pD6_bounds_v0.1,1848.0,2149.0,,,,anchor_point_spline,"{""adjustment_factor"":1.0,""baseline_family"":""Original ProSpecPy"",""baseline_implementation"":""ProSpecPy_original"",""baseline_method"":""anchor_point_spline"",""config_source"":""workflow_demo.ipynb original anchor+spline workflow"",""negative_values_clipped_to_zero"":true,""peak_threshold"":0.35,""spline_degree"":3,""spline_smooth"":0.0}",1,1,TRUE,COMPLETED,,,0.0001494329308452155,-1.4088543130461988e-05,0.0013381709862953037,TRUE,,TRUE,,,,,0.803,TRUE,,FALSE,,TRUE,,0,"candidate_peak_source=/workspaces/ProSpecPy/peak_fitting_results_original/erni_inputs/candidate_peaks/original-anchor-spline-011i_candidate_peaks.csv; metadata_notes=Prepared from the Original ProSpecPy anchor-point + spline baseline output. Negative corrected values are clipped to zero by the original implementation. Baseline QC is provisional numeric availability QC, not a validated baseline-quality threshold."
original-anchor-spline-011i-lorentzian,original-anchor-spline-011i,011i,011i as iso Hyd2 dark titration -325mV.0008,2026-07-28T19:31:12Z,week6_standalone_peak_fitting_wrapper_v0.1,automated,completed,Lorentzian,scipy.optimize.curve_fit,pD6_bounds_v0.1,1848.0,2149.0,,,,anchor_point_spline,"{""adjustment_factor"":1.0,""baseline_family"":""Original ProSpecPy"",""baseline_implementation"":""ProSpecPy_original"",""baseline_method"":""anchor_point_spline"",""config_source"":""workflow_demo.ipynb original anchor+spline workflow"",""negative_values_clipped_to_zero"":true,""peak_threshold"":0.35,""spline_degree"":3,""spline_smooth"":0.0}",1,1,TRUE,COMPLETED,,,0.002081751522543658,-0.0005442309995266854,0.01043966564594747,TRUE,,TRUE,,,,,0.803,TRUE,,FALSE,,TRUE,,0,"candidate_peak_source=/workspaces/ProSpecPy/peak_fitting_results_original/erni_inputs/candidate_peaks/original-anchor-spline-011i_candidate_peaks.csv; metadata_notes=Prepared from the Original ProSpecPy anchor-point + spline baseline output. Negative corrected values are clipped to zero by the original implementation. Baseline QC is provisional numeric availability QC, not a validated baseline-quality threshold."
original-anchor-spline-011k-gaussian,original-anchor-spline-011k,011k,011k as iso Hyd2 dark titration -375mV.0016,2026-07-28T19:31:12Z,week6_standalone_peak_fitting_wrapper_v0.1,automated,completed,Gaussian,scipy.optimize.curve_fit,pD6_bounds_v0.1,1848.0,2149.0,,,,anchor_point_spline,"{""adjustment_factor"":1.0,""baseline_family"":""Original ProSpecPy"",""baseline_implementation"":""ProSpecPy_original"",""baseline_method"":""anchor_point_spline"",""config_source"":""workflow_demo.ipynb original anchor+spline workflow"",""negative_values_clipped_to_zero"":true,""peak_threshold"":0.35,""spline_degree"":3,""spline_smooth"":0.0}",1,1,TRUE,COMPLETED,,,0.00010596199923571422,-5.8825366728754645e-06,0.0009409812624042867,TRUE,,TRUE,,,,,0.787,TRUE,,FALSE,,TRUE,,0,"candidate_peak_source=/workspaces/ProSpecPy/peak_fitting_results_original/erni_inputs/candidate_peaks/original-anchor-spline-011k_candidate_peaks.csv; metadata_notes=Prepared from the Original ProSpecPy anchor-point + spline baseline output. Negative corrected values are clipped to zero by the original implementation. Baseline QC is provisional numeric availability QC, not a validated baseline-quality threshold."
original-anchor-spline-011k-lorentzian,original-anchor-spline-011k,011k,011k as iso Hyd2 dark titration -375mV.0016,2026-07-28T19:31:12Z,week6_standalone_peak_fitting_wrapper_v0.1,automated,completed,Lorentzian,scipy.optimize.curve_fit,pD6_bounds_v0.1,1848.0,2149.0,,,,anchor_point_spline,"{""adjustment_factor"":1.0,""baseline_family"":""Original ProSpecPy"",""baseline_implementation"":""ProSpecPy_original"",""baseline_method"":""anchor_point_spline"",""config_source"":""workflow_demo.ipynb original anchor+spline workflow"",""negative_values_clipped_to_zero"":true,""peak_threshold"":0.35,""spline_degree"":3,""spline_smooth"":0.0}",1,1,TRUE,COMPLETED,,,0.002254746462445579,-0.0006120797217840561,0.011113141695723763,TRUE,,TRUE,,,,,0.787,TRUE,,FALSE,,TRUE,,0,"candidate_peak_source=/workspaces/ProSpecPy/peak_fitting_results_original/erni_inputs/candidate_peaks/original-anchor-spline-011k_candidate_peaks.csv; metadata_notes=Prepared from the Original ProSpecPy anchor-point + spline baseline output. Negative corrected values are clipped to zero by the original implementation. Baseline QC is provisional numeric availability QC, not a validated baseline-quality threshold."
original-anchor-spline-011l-gaussian,original-anchor-spline-011l,011l,011l as iso Hyd2 dark titration -400mV.0016,2026-07-28T19:31:12Z,week6_standalone_peak_fitting_wrapper_v0.1,automated,completed,Gaussian,scipy.optimize.curve_fit,pD6_bounds_v0.1,1848.0,2149.0,,,,anchor_point_spline,"{""adjustment_factor"":1.0,""baseline_family"":""Original ProSpecPy"",""baseline_implementation"":""ProSpecPy_original"",""baseline_method"":""anchor_point_spline"",""config_source"":""workflow_demo.ipynb original anchor+spline workflow"",""negative_values_clipped_to_zero"":true,""peak_threshold"":0.35,""spline_degree"":3,""spline_smooth"":0.0}",1,1,TRUE,COMPLETED,,,8.652493921629371e-05,-5.2174687607418965e-06,0.0005892467183827656,TRUE,,TRUE,,,,,0.796,TRUE,,FALSE,,TRUE,,0,"candidate_peak_source=/workspaces/ProSpecPy/peak_fitting_results_original/erni_inputs/candidate_peaks/original-anchor-spline-011l_candidate_peaks.csv; metadata_notes=Prepared from the Original ProSpecPy anchor-point + spline baseline output. Negative corrected values are clipped to zero by the original implementation. Baseline QC is provisional numeric availability QC, not a validated baseline-quality threshold."
original-anchor-spline-011l-lorentzian,original-anchor-spline-011l,011l,011l as iso Hyd2 dark titration -400mV.0016,2026-07-28T19:31:12Z,week6_standalone_peak_fitting_wrapper_v0.1,automated,completed,Lorentzian,scipy.optimize.curve_fit,pD6_bounds_v0.1,1848.0,2149.0,,,,anchor_point_spline,"{""adjustment_factor"":1.0,""baseline_family"":""Original ProSpecPy"",""baseline_implementation"":""ProSpecPy_original"",""baseline_method"":""anchor_point_spline"",""config_source"":""workflow_demo.ipynb original anchor+spline workflow"",""negative_values_clipped_to_zero"":true,""peak_threshold"":0.35,""spline_degree"":3,""spline_smooth"":0.0}",1,1,TRUE,COMPLETED,,,0.0022614252282126056,-0.0006225194840866656,0.010931504658892366,TRUE,,TRUE,,,,,0.796,TRUE,,FALSE,,TRUE,,0,"candidate_peak_source=/workspaces/ProSpecPy/peak_fitting_results_original/erni_inputs/candidate_peaks/original-anchor-spline-011l_candidate_peaks.csv; metadata_notes=Prepared from the Original ProSpecPy anchor-point + spline baseline output. Negative corrected values are clipped to zero by the original implementation. Baseline QC is provisional numeric availability QC, not a validated baseline-quality threshold."
original-anchor-spline-011m-gaussian,original-anchor-spline-011m,011m,011m as iso Hyd2 dark titration -425mV.0018,2026-07-28T19:31:12Z,week6_standalone_peak_fitting_wrapper_v0.1,automated,completed,Gaussian,scipy.optimize.curve_fit,pD6_bounds_v0.1,1848.0,2149.0,,,,anchor_point_spline,"{""adjustment_factor"":1.0,""baseline_family"":""Original ProSpecPy"",""baseline_implementation"":""ProSpecPy_original"",""baseline_method"":""anchor_point_spline"",""config_source"":""workflow_demo.ipynb original anchor+spline workflow"",""negative_values_clipped_to_zero"":true,""peak_threshold"":0.35,""spline_degree"":3,""spline_smooth"":0.0}",4,4,TRUE,COMPLETED,,,0.0032321766962551276,-0.0002849331055218554,0.013715512141153817,TRUE,,TRUE,,,,,0.407,TRUE,,FALSE,,TRUE,,0,"candidate_peak_source=/workspaces/ProSpecPy/peak_fitting_results_original/erni_inputs/candidate_peaks/original-anchor-spline-011m_candidate_peaks.csv; metadata_notes=Prepared from the Original ProSpecPy anchor-point + spline baseline output. Negative corrected values are clipped to zero by the original implementation. Baseline QC is provisional numeric availability QC, not a validated baseline-quality threshold."
original-anchor-spline-011m-lorentzian,original-anchor-spline-011m,011m,011m as iso Hyd2 dark titration -425mV.0018,2026-07-28T19:31:12Z,week6_standalone_peak_fitting_wrapper_v0.1,automated,completed,Lorentzian,scipy.optimize.curve_fit,pD6_bounds_v0.1,1848.0,2149.0,,,,anchor_point_spline,"{""adjustment_factor"":1.0,""baseline_family"":""Original ProSpecPy"",""baseline_implementation"":""ProSpecPy_original"",""baseline_method"":""anchor_point_spline"",""config_source"":""workflow_demo.ipynb original anchor+spline workflow"",""negative_values_clipped_to_zero"":true,""peak_threshold"":0.35,""spline_degree"":3,""spline_smooth"":0.0}",4,4,TRUE,COMPLETED,,,0.005745886541897178,-0.001400153008235793,0.01800498801053671,TRUE,,TRUE,,,,,0.407,TRUE,,FALSE,,TRUE,,0,"candidate_peak_source=/workspaces/ProSpecPy/peak_fitting_results_original/erni_inputs/candidate_peaks/original-anchor-spline-011m_candidate_peaks.csv; metadata_notes=Prepared from the Original ProSpecPy anchor-point + spline baseline output. Negative corrected values are clipped to zero by the original implementation. Baseline QC is provisional numeric availability QC, not a validated baseline-quality threshold."
original-anchor-spline-011n-gaussian,original-anchor-spline-011n,011n,011n as iso Hyd2 dark titration -450mV.0014,2026-07-28T19:31:12Z,week6_standalone_peak_fitting_wrapper_v0.1,automated,completed,Gaussian,scipy.optimize.curve_fit,pD6_bounds_v0.1,1848.0,2149.0,,,,anchor_point_spline,"{""adjustment_factor"":1.0,""baseline_family"":""Original ProSpecPy"",""baseline_implementation"":""ProSpecPy_original"",""baseline_method"":""anchor_point_spline"",""config_source"":""workflow_demo.ipynb original anchor+spline workflow"",""negative_values_clipped_to_zero"":true,""peak_threshold"":0.35,""spline_degree"":3,""spline_smooth"":0.0}",4,4,TRUE,COMPLETED,,,0.0036623259344032047,-0.00016053284890100547,0.015755545259709694,TRUE,,TRUE,,,,,0.334,TRUE,,FALSE,,TRUE,,0,"candidate_peak_source=/workspaces/ProSpecPy/peak_fitting_results_original/erni_inputs/candidate_peaks/original-anchor-spline-011n_candidate_peaks.csv; metadata_notes=Prepared from the Original ProSpecPy anchor-point + spline baseline output. Negative corrected values are clipped to zero by the original implementation. Baseline QC is provisional numeric availability QC, not a validated baseline-quality threshold."
original-anchor-spline-011n-lorentzian,original-anchor-spline-011n,011n,011n as iso Hyd2 dark titration -450mV.0014,2026-07-28T19:31:12Z,week6_standalone_peak_fitting_wrapper_v0.1,automated,completed,Lorentzian,scipy.optimize.curve_fit,pD6_bounds_v0.1,1848.0,2149.0,,,,anchor_point_spline,"{""adjustment_factor"":1.0,""baseline_family"":""Original ProSpecPy"",""baseline_implementation"":""ProSpecPy_original"",""baseline_method"":""anchor_point_spline"",""config_source"":""workflow_demo.ipynb original anchor+spline workflow"",""negative_values_clipped_to_zero"":true,""peak_threshold"":0.35,""spline_degree"":3,""spline_smooth"":0.0}",4,4,TRUE,COMPLETED,,,0.006065446662533356,-0.001464997003722102,0.019760338915928266,TRUE,,TRUE,,,,,0.334,TRUE,,FALSE,,TRUE,,0,"candidate_peak_source=/workspaces/ProSpecPy/peak_fitting_results_original/erni_inputs/candidate_peaks/original-anchor-spline-011n_candidate_peaks.csv; metadata_notes=Prepared from the Original ProSpecPy anchor-point + spline baseline output. Negative corrected values are clipped to zero by the original implementation. Baseline QC is provisional numeric availability QC, not a validated baseline-quality threshold."
original-anchor-spline-011o-gaussian,original-anchor-spline-011o,011o,011o as iso Hyd2 dark titration -475mV.0007,2026-07-28T19:31:12Z,week6_standalone_peak_fitting_wrapper_v0.1,automated,completed,Gaussian,scipy.optimize.curve_fit,pD6_bounds_v0.1,1848.0,2149.0,,,,anchor_point_spline,"{""adjustment_factor"":1.0,""baseline_family"":""Original ProSpecPy"",""baseline_implementation"":""ProSpecPy_original"",""baseline_method"":""anchor_point_spline"",""config_source"":""workflow_demo.ipynb original anchor+spline workflow"",""negative_values_clipped_to_zero"":true,""peak_threshold"":0.35,""spline_degree"":3,""spline_smooth"":0.0}",4,4,TRUE,COMPLETED,,,0.004218800753942901,-0.00015044038171035614,0.01875714046575163,TRUE,,TRUE,,,,,0.339,TRUE,,FALSE,,TRUE,,0,"candidate_peak_source=/workspaces/ProSpecPy/peak_fitting_results_original/erni_inputs/candidate_peaks/original-anchor-spline-011o_candidate_peaks.csv; metadata_notes=Prepared from the Original ProSpecPy anchor-point + spline baseline output. Negative corrected values are clipped to zero by the original implementation. Baseline QC is provisional numeric availability QC, not a validated baseline-quality threshold."
original-anchor-spline-011o-lorentzian,original-anchor-spline-011o,011o,011o as iso Hyd2 dark titration -475mV.0007,2026-07-28T19:31:12Z,week6_standalone_peak_fitting_wrapper_v0.1,automated,completed,Lorentzian,scipy.optimize.curve_fit,pD6_bounds_v0.1,1848.0,2149.0,,,,anchor_point_spline,"{""adjustment_factor"":1.0,""baseline_family"":""Original ProSpecPy"",""baseline_implementation"":""ProSpecPy_original"",""baseline_method"":""anchor_point_spline"",""config_source"":""workflow_demo.ipynb original anchor+spline workflow"",""negative_values_clipped_to_zero"":true,""peak_threshold"":0.35,""spline_degree"":3,""spline_smooth"":0.0}",4,4,TRUE,COMPLETED,,,0.006678686606994071,-0.001554684009519471,0.02272716199044321,TRUE,,TRUE,,,,,0.339,TRUE,,FALSE,,TRUE,,0,"candidate_peak_source=/workspaces/ProSpecPy/peak_fitting_results_original/erni_inputs/candidate_peaks/original-anchor-spline-011o_candidate_peaks.csv; metadata_notes=Prepared from the Original ProSpecPy anchor-point + spline baseline output. Negative corrected values are clipped to zero by the original implementation. Baseline QC is provisional numeric availability QC, not a validated baseline-quality threshold."
original-anchor-spline-011p-gaussian,original-anchor-spline-011p,011p,011p as iso Hyd2 dark titration -500mV.0007,2026-07-28T19:31:12Z,week6_standalone_peak_fitting_wrapper_v0.1,automated,completed,Gaussian,scipy.optimize.curve_fit,pD6_bounds_v0.1,1848.0,2149.0,,,,anchor_point_spline,"{""adjustment_factor"":1.0,""baseline_family"":""Original ProSpecPy"",""baseline_implementation"":""ProSpecPy_original"",""baseline_method"":""anchor_point_spline"",""config_source"":""workflow_demo.ipynb original anchor+spline workflow"",""negative_values_clipped_to_zero"":true,""peak_threshold"":0.35,""spline_degree"":3,""spline_smooth"":0.0}",3,3,TRUE,COMPLETED,,,0.0036967453912046854,-0.0001189099657526586,0.016337147410536608,TRUE,,TRUE,,,,,0.555,TRUE,,FALSE,,TRUE,,0,"candidate_peak_source=/workspaces/ProSpecPy/peak_fitting_results_original/erni_inputs/candidate_peaks/original-anchor-spline-011p_candidate_peaks.csv; metadata_notes=Prepared from the Original ProSpecPy anchor-point + spline baseline output. Negative corrected values are clipped to zero by the original implementation. Baseline QC is provisional numeric availability QC, not a validated baseline-quality threshold."
original-anchor-spline-011p-lorentzian,original-anchor-spline-011p,011p,011p as iso Hyd2 dark titration -500mV.0007,2026-07-28T19:31:12Z,week6_standalone_peak_fitting_wrapper_v0.1,automated,completed,Lorentzian,scipy.optimize.curve_fit,pD6_bounds_v0.1,1848.0,2149.0,,,,anchor_point_spline,"{""adjustment_factor"":1.0,""baseline_family"":""Original ProSpecPy"",""baseline_implementation"":""ProSpecPy_original"",""baseline_method"":""anchor_point_spline"",""config_source"":""workflow_demo.ipynb original anchor+spline workflow"",""negative_values_clipped_to_zero"":true,""peak_threshold"":0.35,""spline_degree"":3,""spline_smooth"":0.0}",3,3,TRUE,COMPLETED,,,0.005439517098880396,-0.001195004135670131,0.0187782018458712,TRUE,,TRUE,,,,,0.555,TRUE,,FALSE,,TRUE,,0,"candidate_peak_source=/workspaces/ProSpecPy/peak_fitting_results_original/erni_inputs/candidate_peaks/original-anchor-spline-011p_candidate_peaks.csv; metadata_notes=Prepared from the Original ProSpecPy anchor-point + spline baseline output. Negative corrected values are clipped to zero by the original implementation. Baseline QC is provisional numeric availability QC, not a validated baseline-quality threshold."
original-anchor-spline-011q-gaussian,original-anchor-spline-011q,011q,011q as iso Hyd2 dark titration -550mV.0012,2026-07-28T19:31:12Z,week6_standalone_peak_fitting_wrapper_v0.1,automated,completed,Gaussian,scipy.optimize.curve_fit,pD6_bounds_v0.1,1848.0,2149.0,,,,anchor_point_spline,"{""adjustment_factor"":1.0,""baseline_family"":""Original ProSpecPy"",""baseline_implementation"":""ProSpecPy_original"",""baseline_method"":""anchor_point_spline"",""config_source"":""workflow_demo.ipynb original anchor+spline workflow"",""negative_values_clipped_to_zero"":true,""peak_threshold"":0.35,""spline_degree"":3,""spline_smooth"":0.0}",1,1,TRUE,COMPLETED,,,9.950166401124853e-05,1.5198092354304215e-05,0.0005739505072307159,TRUE,,TRUE,,,,,0.673,TRUE,,FALSE,,TRUE,,0,"candidate_peak_source=/workspaces/ProSpecPy/peak_fitting_results_original/erni_inputs/candidate_peaks/original-anchor-spline-011q_candidate_peaks.csv; metadata_notes=Prepared from the Original ProSpecPy anchor-point + spline baseline output. Negative corrected values are clipped to zero by the original implementation. Baseline QC is provisional numeric availability QC, not a validated baseline-quality threshold."
original-anchor-spline-011q-lorentzian,original-anchor-spline-011q,011q,011q as iso Hyd2 dark titration -550mV.0012,2026-07-28T19:31:12Z,week6_standalone_peak_fitting_wrapper_v0.1,automated,completed,Lorentzian,scipy.optimize.curve_fit,pD6_bounds_v0.1,1848.0,2149.0,,,,anchor_point_spline,"{""adjustment_factor"":1.0,""baseline_family"":""Original ProSpecPy"",""baseline_implementation"":""ProSpecPy_original"",""baseline_method"":""anchor_point_spline"",""config_source"":""workflow_demo.ipynb original anchor+spline workflow"",""negative_values_clipped_to_zero"":true,""peak_threshold"":0.35,""spline_degree"":3,""spline_smooth"":0.0}",1,1,TRUE,COMPLETED,,,0.0018203364163259135,-0.0004758568802670964,0.008973014799380341,TRUE,,TRUE,,,,,0.673,TRUE,,FALSE,,TRUE,,0,"candidate_peak_source=/workspaces/ProSpecPy/peak_fitting_results_original/erni_inputs/candidate_peaks/original-anchor-spline-011q_candidate_peaks.csv; metadata_notes=Prepared from the Original ProSpecPy anchor-point + spline baseline output. Negative corrected values are clipped to zero by the original implementation. Baseline QC is provisional numeric availability QC, not a validated baseline-quality threshold."
original-anchor-spline-011r-gaussian,original-anchor-spline-011r,011r,011r as iso Hyd2 dark titration -600mV.0009,2026-07-28T19:31:12Z,week6_standalone_peak_fitting_wrapper_v0.1,automated,completed,Gaussian,scipy.optimize.curve_fit,pD6_bounds_v0.1,1848.0,2149.0,,,,anchor_point_spline,"{""adjustment_factor"":1.0,""baseline_family"":""Original ProSpecPy"",""baseline_implementation"":""ProSpecPy_original"",""baseline_method"":""anchor_point_spline"",""config_source"":""workflow_demo.ipynb original anchor+spline workflow"",""negative_values_clipped_to_zero"":true,""peak_threshold"":0.35,""spline_degree"":3,""spline_smooth"":0.0}",5,5,TRUE,COMPLETED,,,0.0005000762596375842,-4.4305142462411615e-05,0.0059480549816947805,TRUE,,TRUE,,,,,0.437,TRUE,,FALSE,,TRUE,,0,"candidate_peak_source=/workspaces/ProSpecPy/peak_fitting_results_original/erni_inputs/candidate_peaks/original-anchor-spline-011r_candidate_peaks.csv; metadata_notes=Prepared from the Original ProSpecPy anchor-point + spline baseline output. Negative corrected values are clipped to zero by the original implementation. Baseline QC is provisional numeric availability QC, not a validated baseline-quality threshold."
original-anchor-spline-011r-lorentzian,original-anchor-spline-011r,011r,011r as iso Hyd2 dark titration -600mV.0009,2026-07-28T19:31:12Z,week6_standalone_peak_fitting_wrapper_v0.1,automated,completed,Lorentzian,scipy.optimize.curve_fit,pD6_bounds_v0.1,1848.0,2149.0,,,,anchor_point_spline,"{""adjustment_factor"":1.0,""baseline_family"":""Original ProSpecPy"",""baseline_implementation"":""ProSpecPy_original"",""baseline_method"":""anchor_point_spline"",""config_source"":""workflow_demo.ipynb original anchor+spline workflow"",""negative_values_clipped_to_zero"":true,""peak_threshold"":0.35,""spline_degree"":3,""spline_smooth"":0.0}",5,5,TRUE,COMPLETED,,,0.001933095559281628,-0.000651819007582169,0.011141380798945147,TRUE,,TRUE,,,,,0.437,TRUE,,FALSE,,TRUE,,0,"candidate_peak_source=/workspaces/ProSpecPy/peak_fitting_results_original/erni_inputs/candidate_peaks/original-anchor-spline-011r_candidate_peaks.csv; metadata_notes=Prepared from the Original ProSpecPy anchor-point + spline baseline output. Negative corrected values are clipped to zero by the original implementation. Baseline QC is provisional numeric availability QC, not a validated baseline-quality threshold."
original-anchor-spline-011s-gaussian,original-anchor-spline-011s,011s,011s as iso Hyd2 dark titration -700mV.0009,2026-07-28T19:31:12Z,week6_standalone_peak_fitting_wrapper_v0.1,automated,completed,Gaussian,scipy.optimize.curve_fit,pD6_bounds_v0.1,1848.0,2149.0,,,,anchor_point_spline,"{""adjustment_factor"":1.0,""baseline_family"":""Original ProSpecPy"",""baseline_implementation"":""ProSpecPy_original"",""baseline_method"":""anchor_point_spline"",""config_source"":""workflow_demo.ipynb original anchor+spline workflow"",""negative_values_clipped_to_zero"":true,""peak_threshold"":0.35,""spline_degree"":3,""spline_smooth"":0.0}",4,4,TRUE,COMPLETED,,,0.00035031826976693667,-5.744748322665322e-06,0.0026202321428272,TRUE,,TRUE,,,,,0.449,TRUE,,FALSE,,TRUE,,0,"candidate_peak_source=/workspaces/ProSpecPy/peak_fitting_results_original/erni_inputs/candidate_peaks/original-anchor-spline-011s_candidate_peaks.csv; metadata_notes=Prepared from the Original ProSpecPy anchor-point + spline baseline output. Negative corrected values are clipped to zero by the original implementation. Baseline QC is provisional numeric availability QC, not a validated baseline-quality threshold."
original-anchor-spline-011s-lorentzian,original-anchor-spline-011s,011s,011s as iso Hyd2 dark titration -700mV.0009,2026-07-28T19:31:12Z,week6_standalone_peak_fitting_wrapper_v0.1,automated,completed,Lorentzian,scipy.optimize.curve_fit,pD6_bounds_v0.1,1848.0,2149.0,,,,anchor_point_spline,"{""adjustment_factor"":1.0,""baseline_family"":""Original ProSpecPy"",""baseline_implementation"":""ProSpecPy_original"",""baseline_method"":""anchor_point_spline"",""config_source"":""workflow_demo.ipynb original anchor+spline workflow"",""negative_values_clipped_to_zero"":true,""peak_threshold"":0.35,""spline_degree"":3,""spline_smooth"":0.0}",4,4,TRUE,COMPLETED,,,0.0018157870162547054,-0.0006024886268511377,0.00805820397656283,TRUE,,TRUE,,,,,0.449,TRUE,,FALSE,,TRUE,,0,"candidate_peak_source=/workspaces/ProSpecPy/peak_fitting_results_original/erni_inputs/candidate_peaks/original-anchor-spline-011s_candidate_peaks.csv; metadata_notes=Prepared from the Original ProSpecPy anchor-point + spline baseline output. Negative corrected values are clipped to zero by the original implementation. Baseline QC is provisional numeric availability QC, not a validated baseline-quality threshold."
original-anchor-spline-011t-gaussian,original-anchor-spline-011t,011t,011t as iso Hyd2 dark titration -800mV.0004,2026-07-28T19:31:12Z,week6_standalone_peak_fitting_wrapper_v0.1,automated,completed,Gaussian,scipy.optimize.curve_fit,pD6_bounds_v0.1,1848.0,2149.0,,,,anchor_point_spline,"{""adjustment_factor"":1.0,""baseline_family"":""Original ProSpecPy"",""baseline_implementation"":""ProSpecPy_original"",""baseline_method"":""anchor_point_spline"",""config_source"":""workflow_demo.ipynb original anchor+spline workflow"",""negative_values_clipped_to_zero"":true,""peak_threshold"":0.35,""spline_degree"":3,""spline_smooth"":0.0}",5,5,TRUE,COMPLETED,,,0.009683209138125325,6.810668458409373e-05,0.05470783940928154,TRUE,,TRUE,,,,,0.276,TRUE,,FALSE,,TRUE,,0,"candidate_peak_source=/workspaces/ProSpecPy/peak_fitting_results_original/erni_inputs/candidate_peaks/original-anchor-spline-011t_candidate_peaks.csv; metadata_notes=Prepared from the Original ProSpecPy anchor-point + spline baseline output. Negative corrected values are clipped to zero by the original implementation. Baseline QC is provisional numeric availability QC, not a validated baseline-quality threshold."
original-anchor-spline-011t-lorentzian,original-anchor-spline-011t,011t,011t as iso Hyd2 dark titration -800mV.0004,2026-07-28T19:31:12Z,week6_standalone_peak_fitting_wrapper_v0.1,automated,completed,Lorentzian,scipy.optimize.curve_fit,pD6_bounds_v0.1,1848.0,2149.0,,,,anchor_point_spline,"{""adjustment_factor"":1.0,""baseline_family"":""Original ProSpecPy"",""baseline_implementation"":""ProSpecPy_original"",""baseline_method"":""anchor_point_spline"",""config_source"":""workflow_demo.ipynb original anchor+spline workflow"",""negative_values_clipped_to_zero"":true,""peak_threshold"":0.35,""spline_degree"":3,""spline_smooth"":0.0}",5,5,TRUE,COMPLETED,,,0.010103307730259338,-0.0010519869094466104,0.05195764151386621,TRUE,,TRUE,,,,,0.276,FALSE,fit_safety_checks_failed,FALSE,,FALSE,fit_invalid,1,"candidate_peak_source=/workspaces/ProSpecPy/peak_fitting_results_original/erni_inputs/candidate_peaks/original-anchor-spline-011t_candidate_peaks.csv; metadata_notes=Prepared from the Original ProSpecPy anchor-point + spline baseline output. Negative corrected values are clipped to zero by the original implementation. Baseline QC is provisional numeric availability QC, not a validated baseline-quality threshold."
