peak_result_id,fit_attempt_id,peak_index,peak_identity,peak_assignment_status,reference_evidence_ids,matched_reference_centre_cm1,initial_centre_cm1,initial_model_amplitude,initial_fwhm_cm1,fitted_centre_cm1,centre_deviation_cm1,raw_model_amplitude,raw_width_parameter,raw_width_parameter_name,peak_height,peak_area,fwhm_cm1,position_stderr,height_stderr,area_stderr,fwhm_stderr,peak_valid,peak_valid_reason,needs_manual_review,manual_review_reason,notes
original-anchor-spline-011a-gaussian-p001,original-anchor-spline-011a-gaussian,1,,unassigned,,,1958.2762762762763,,,1958.2424668502877,,0.8184227657069325,2.9028938784265628,sigma,0.11247515691498297,0.8184227657069325,6.835792693516506,,,,,TRUE,,FALSE,,No automatic peak identity assignment was applied.
original-anchor-spline-011a-lorentzian-p001,original-anchor-spline-011a-lorentzian,1,,unassigned,,,1958.2762762762763,,,1958.2555832298387,,0.1227559193685735,2.6760195387382093,gamma,0.1227559193685735,1.0320045119063692,5.352039077476419,,,,,TRUE,,FALSE,,No automatic peak identity assignment was applied.
original-anchor-spline-011b-gaussian-p001,original-anchor-spline-011b-gaussian,1,,unassigned,,,1958.2762762762763,,,1958.2990825506286,,0.8210581900436736,2.8881165869510017,sigma,0.11341468282764071,0.8210581900436736,6.800994831338589,,,,,TRUE,,FALSE,,No automatic peak identity assignment was applied.
original-anchor-spline-011b-lorentzian-p001,original-anchor-spline-011b-lorentzian,1,,unassigned,,,1958.2762762762763,,,1958.3141640026056,,0.12368585821593232,2.6640704065763443,gamma,0.12368585821593232,1.0351793924327144,5.328140813152689,,,,,TRUE,,FALSE,,No automatic peak identity assignment was applied.
original-anchor-spline-011c-gaussian-p001,original-anchor-spline-011c-gaussian,1,,unassigned,,,1958.2762762762763,,,1958.212888987004,,0.8276972024663445,2.897642835379603,sigma,0.11395586971661806,0.8276972024663445,6.823427432092204,,,,,TRUE,,FALSE,,No automatic peak identity assignment was applied.
original-anchor-spline-011c-gaussian-p002,original-anchor-spline-011c-gaussian,2,,unassigned,,,2092.957957957958,,,2092.949408553833,,0.09384275968561331,1.9061015895605682,sigma,0.019641054156391065,0.09384275968561331,4.488526230962581,,,,,TRUE,,FALSE,,No automatic peak identity assignment was applied.
original-anchor-spline-011c-lorentzian-p001,original-anchor-spline-011c-lorentzian,1,,unassigned,,,1958.2762762762763,,,1958.2305793777023,,0.12413625782996084,2.6750892661581562,gamma,0.12413625782996084,1.0432461738566006,5.3501785323163125,,,,,TRUE,,FALSE,,No automatic peak identity assignment was applied.
original-anchor-spline-011c-lorentzian-p002,original-anchor-spline-011c-lorentzian,2,,unassigned,,,2092.957957957958,,,2092.9494826453374,,0.02101523545290451,1.7758612922171406,gamma,0.02101523545290451,0.11724468766921674,3.5517225844342812,,,,,TRUE,,FALSE,,No automatic peak identity assignment was applied.
original-anchor-spline-011d-gaussian-p001,original-anchor-spline-011d-gaussian,1,,unassigned,,,1958.2762762762763,,,1958.231778081696,,0.7926131552977954,2.886283338161784,sigma,0.10955504453421516,0.7926131552977954,6.796677860342211,,,,,TRUE,,FALSE,,No automatic peak identity assignment was applied.
original-anchor-spline-011d-lorentzian-p001,original-anchor-spline-011d-lorentzian,1,,unassigned,,,1958.2762762762763,,,1958.2512130411947,,0.11938845047288875,2.6638580336530175,gamma,0.11938845047288875,0.9991329101665375,5.327716067306035,,,,,TRUE,,FALSE,,No automatic peak identity assignment was applied.
original-anchor-spline-011e-gaussian-p001,original-anchor-spline-011e-gaussian,1,,unassigned,,,1958.5775775775776,,,1958.6052876652104,,0.6074845032418541,2.647666632396804,sigma,0.0915339001014822,0.6074845032418541,6.234778458527583,,,,,TRUE,,FALSE,,No automatic peak identity assignment was applied.
original-anchor-spline-011e-lorentzian-p001,original-anchor-spline-011e-lorentzian,1,,unassigned,,,1958.5775775775776,,,1958.591877895692,,0.09918672140707813,2.4563628371138764,gamma,0.09918672140707813,0.765413161747789,4.912725674227753,,,,,TRUE,,FALSE,,No automatic peak identity assignment was applied.
original-anchor-spline-011f-gaussian-p001,original-anchor-spline-011f-gaussian,1,,unassigned,,,1947.4294294294293,,,1947.399028902181,,0.16007841615141438,2.160144288442854,sigma,0.029563788272925943,0.16007841615141438,5.0867510705843495,,,,,TRUE,,FALSE,,No automatic peak identity assignment was applied.
original-anchor-spline-011f-gaussian-p002,original-anchor-spline-011f-gaussian,2,,unassigned,,,1958.5775775775776,,,1958.630841907855,,0.38000730342391786,2.6024453151365448,sigma,0.05825328175596373,0.38000730342391786,6.128290394180421,,,,,TRUE,,FALSE,,No automatic peak identity assignment was applied.
original-anchor-spline-011f-gaussian-p003,original-anchor-spline-011f-gaussian,3,,unassigned,,,2092.355355355355,,,2091.4779941471766,,0.1206081431820574,3.304557596680742,sigma,0.014560402192524111,0.1206081431820574,7.781638468623111,,,,,TRUE,,FALSE,,No automatic peak identity assignment was applied.
original-anchor-spline-011f-lorentzian-p001,original-anchor-spline-011f-lorentzian,1,,unassigned,,,1947.4294294294293,,,1947.2511763393645,,0.029213023769948877,1.752370898106838,gamma,0.029213023769948877,0.1608245766850096,3.504741796213676,,,,,TRUE,,FALSE,,No automatic peak identity assignment was applied.
original-anchor-spline-011f-lorentzian-p002,original-anchor-spline-011f-lorentzian,2,,unassigned,,,1958.5775775775776,,,1958.6242283900783,,0.06214344620938815,2.432358363765281,gamma,0.06214344620938815,0.47486784954372047,4.864716727530562,,,,,TRUE,,FALSE,,No automatic peak identity assignment was applied.
original-anchor-spline-011f-lorentzian-p003,original-anchor-spline-011f-lorentzian,3,,unassigned,,,2092.355355355355,,,2091.748601385949,,0.015835645264433727,3.0124544963059945,gamma,0.015835645264433727,0.1498670410481877,6.024908992611989,,,,,TRUE,,FALSE,,No automatic peak identity assignment was applied.
original-anchor-spline-011g-gaussian-p001,original-anchor-spline-011g-gaussian,1,,unassigned,,,1947.4294294294293,,,1947.3567809233375,,0.26908554506552795,2.251235388716972,sigma,0.047684751896462096,0.26908554506552795,5.301254219433766,,,,,TRUE,,FALSE,,No automatic peak identity assignment was applied.
original-anchor-spline-011g-gaussian-p002,original-anchor-spline-011g-gaussian,2,,unassigned,,,1958.8788788788788,,,1958.9932226157887,,0.12164687760360242,1.9447110611770286,sigma,0.024954906527616748,0.12164687760360242,4.579444588653076,,,,,TRUE,,FALSE,,No automatic peak identity assignment was applied.
original-anchor-spline-011g-lorentzian-p001,original-anchor-spline-011g-lorentzian,1,,unassigned,,,1947.4294294294293,,,1947.360129705278,,0.05080814129688976,2.083240827083482,gamma,0.05080814129688976,0.3325237414611505,4.166481654166964,,,,,TRUE,,FALSE,,No automatic peak identity assignment was applied.
original-anchor-spline-011g-lorentzian-p002,original-anchor-spline-011g-lorentzian,2,,unassigned,,,1958.8788788788788,,,1959.0457248834423,,0.02550889272482102,1.5911985988863107,gamma,0.02550889272482102,0.12751634845372065,3.1823971977726213,,,,,TRUE,,FALSE,,No automatic peak identity assignment was applied.
original-anchor-spline-011h-gaussian-p001,original-anchor-spline-011h-gaussian,1,,unassigned,,,1947.4294294294293,,,1947.5893493868487,,0.5717140698104062,2.7255716703999995,sigma,0.08368186286375462,0.5717140698104062,6.418230803626407,,,,,TRUE,,FALSE,,No automatic peak identity assignment was applied.
original-anchor-spline-011h-lorentzian-p001,original-anchor-spline-011h-lorentzian,1,,unassigned,,,1947.4294294294293,,,1947.5879224331438,,0.0908564442336071,2.5281576642394517,gamma,0.0908564442336071,0.7216219973202803,5.056315328478903,,,,,TRUE,,FALSE,,No automatic peak identity assignment was applied.
original-anchor-spline-011i-gaussian-p001,original-anchor-spline-011i-gaussian,1,,unassigned,,,1947.4294294294293,,,1947.484843737757,,0.649922536270818,2.8323909960280895,sigma,0.09154159120960277,0.649922536270818,6.669771092812121,,,,,TRUE,,FALSE,,No automatic peak identity assignment was applied.
original-anchor-spline-011i-lorentzian-p001,original-anchor-spline-011i-lorentzian,1,,unassigned,,,1947.4294294294293,,,1947.479433067787,,0.09944926231723773,2.6243536159074923,gamma,0.09944926231723773,0.8199243645573769,5.2487072318149846,,,,,TRUE,,FALSE,,No automatic peak identity assignment was applied.
original-anchor-spline-011k-gaussian-p001,original-anchor-spline-011k-gaussian,1,,unassigned,,,1947.4294294294293,,,1947.3701646493691,,0.7440394757520638,2.9142827424941773,sigma,0.10185312524315161,0.7440394757520638,6.862611418913057,,,,,TRUE,,FALSE,,No automatic peak identity assignment was applied.
original-anchor-spline-011k-lorentzian-p001,original-anchor-spline-011k-lorentzian,1,,unassigned,,,1947.4294294294293,,,1947.3648394320214,,0.110908100514072,2.6942873858926726,gamma,0.110908100514072,0.9387653641264679,5.388574771785345,,,,,TRUE,,FALSE,,No automatic peak identity assignment was applied.
original-anchor-spline-011l-gaussian-p001,original-anchor-spline-011l-gaussian,1,,unassigned,,,1947.128128128128,,,1947.0849381864907,,0.7602672033899189,2.9631600227783603,sigma,0.10235786440936359,0.7602672033899189,6.977708618272847,,,,,TRUE,,FALSE,,No automatic peak identity assignment was applied.
original-anchor-spline-011l-lorentzian-p001,original-anchor-spline-011l-lorentzian,1,,unassigned,,,1947.128128128128,,,1947.078714279986,,0.11157289269707273,2.735400625854733,gamma,0.11157289269707273,0.9588032724053586,5.470801251709466,,,,,TRUE,,FALSE,,No automatic peak identity assignment was applied.
original-anchor-spline-011m-gaussian-p001,original-anchor-spline-011m-gaussian,1,,unassigned,,,1907.0550550550552,,,1897.9512148746526,,2.013457241738588,13.32679186934957,sigma,0.060273562563649075,2.013457241738588,31.382196629899845,,,,,TRUE,,FALSE,,No automatic peak identity assignment was applied.
original-anchor-spline-011m-gaussian-p002,original-anchor-spline-011m-gaussian,2,,unassigned,,,1946.2242242242241,,,1946.135785079532,,0.5301237141724544,2.951004568744837,sigma,0.07166670145712098,0.5301237141724544,6.949084711458255,,,,,TRUE,,FALSE,,No automatic peak identity assignment was applied.
original-anchor-spline-011m-gaussian-p003,original-anchor-spline-011m-gaussian,3,,unassigned,,,1966.4114114114113,,,1966.494048402927,,0.3725940621199062,2.7818660561753723,sigma,0.05343302725743378,0.3725940621199062,6.55079395167296,,,,,TRUE,,FALSE,,No automatic peak identity assignment was applied.
original-anchor-spline-011m-gaussian-p004,original-anchor-spline-011m-gaussian,4,,unassigned,,,2086.931931931932,,,2087.197200270145,,0.1035112116288387,2.5347355565656353,sigma,0.016291639854642527,0.1035112116288387,5.968846097453437,,,,,TRUE,,FALSE,,No automatic peak identity assignment was applied.
original-anchor-spline-011m-lorentzian-p001,original-anchor-spline-011m-lorentzian,1,,unassigned,,,1907.0550550550552,,,1898.574189060799,,0.06284438655805183,12.953712829907296,gamma,0.06284438655805183,2.55747047697617,25.907425659814592,,,,,TRUE,,FALSE,,No automatic peak identity assignment was applied.
original-anchor-spline-011m-lorentzian-p002,original-anchor-spline-011m-lorentzian,2,,unassigned,,,1946.2242242242241,,,1946.1926740212505,,0.07493256008868432,2.304263071007753,gamma,0.07493256008868432,0.5424409938958953,4.608526142015506,,,,,TRUE,,FALSE,,No automatic peak identity assignment was applied.
original-anchor-spline-011m-lorentzian-p003,original-anchor-spline-011m-lorentzian,3,,unassigned,,,1966.4114114114113,,,1966.558158264637,,0.05578288932159086,2.2312049469213684,gamma,0.05578288932159086,0.3910122305658967,4.462409893842737,,,,,TRUE,,FALSE,,No automatic peak identity assignment was applied.
original-anchor-spline-011m-lorentzian-p004,original-anchor-spline-011m-lorentzian,4,,unassigned,,,2086.931931931932,,,2087.1564541139614,,0.017527854793138998,2.2119245763275535,gamma,0.017527854793138998,0.12180046699793379,4.423849152655107,,,,,TRUE,,FALSE,,No automatic peak identity assignment was applied.
original-anchor-spline-011n-gaussian-p001,original-anchor-spline-011n-gaussian,1,,unassigned,,,1907.6576576576576,,,1898.188355516305,,2.4199102661166307,14.007054952568394,sigma,0.0689227338081076,2.4199102661166307,32.98409377415809,,,,,TRUE,,FALSE,,No automatic peak identity assignment was applied.
original-anchor-spline-011n-gaussian-p002,original-anchor-spline-011n-gaussian,2,,unassigned,,,1946.2242242242241,,,1946.405151661546,,0.4939671544377814,3.254842536780569,sigma,0.06054498207146316,0.4939671544377814,7.664568449030269,,,,,TRUE,,FALSE,,No automatic peak identity assignment was applied.
original-anchor-spline-011n-gaussian-p003,original-anchor-spline-011n-gaussian,3,,unassigned,,,1966.4114114114113,,,1966.3002489170885,,0.6181479190231693,3.3792340740507285,sigma,0.0729766968006731,0.6181479190231693,7.957488134426255,,,,,TRUE,,FALSE,,No automatic peak identity assignment was applied.
original-anchor-spline-011n-gaussian-p004,original-anchor-spline-011n-gaussian,4,,unassigned,,,2087.835835835836,,,2088.003050273148,,0.1356700517049484,2.834939950064192,sigma,0.019091945777591105,0.1356700517049484,6.675773420870198,,,,,TRUE,,FALSE,,No automatic peak identity assignment was applied.
original-anchor-spline-011n-lorentzian-p001,original-anchor-spline-011n-lorentzian,1,,unassigned,,,1907.6576576576576,,,1899.0238841915302,,0.07212733855819735,13.672807209092264,gamma,0.07212733855819735,3.098185879284131,27.345614418184528,,,,,TRUE,,FALSE,,No automatic peak identity assignment was applied.
original-anchor-spline-011n-lorentzian-p002,original-anchor-spline-011n-lorentzian,2,,unassigned,,,1946.2242242242241,,,1946.3594102698087,,0.06173068310223587,2.319578195499856,gamma,0.06173068310223587,0.4498419707724094,4.639156390999712,,,,,TRUE,,FALSE,,No automatic peak identity assignment was applied.
original-anchor-spline-011n-lorentzian-p003,original-anchor-spline-011n-lorentzian,3,,unassigned,,,1966.4114114114113,,,1966.3941529429933,,0.07755741443469845,2.7955311557456297,gamma,0.07755741443469845,0.6811417986750428,5.591062311491259,,,,,TRUE,,FALSE,,No automatic peak identity assignment was applied.
original-anchor-spline-011n-lorentzian-p004,original-anchor-spline-011n-lorentzian,4,,unassigned,,,2087.835835835836,,,2087.9320204886803,,0.02063949141971314,2.443817819103357,gamma,0.02063949141971314,0.15845928479771587,4.887635638206714,,,,,TRUE,,FALSE,,No automatic peak identity assignment was applied.
original-anchor-spline-011o-gaussian-p001,original-anchor-spline-011o-gaussian,1,,unassigned,,,1908.2602602602603,,,1898.6288147168282,,2.8398484574383653,14.406890489139807,sigma,0.07863845570693977,2.8398484574383653,33.92563451039216,,,,,TRUE,,FALSE,,No automatic peak identity assignment was applied.
original-anchor-spline-011o-gaussian-p002,original-anchor-spline-011o-gaussian,2,,unassigned,,,1946.2242242242241,,,1946.5728324663257,,0.5557302599484236,3.6156886684531515,sigma,0.06131730840829105,0.5557302599484236,8.514296153064743,,,,,TRUE,,FALSE,,No automatic peak identity assignment was applied.
original-anchor-spline-011o-gaussian-p003,original-anchor-spline-011o-gaussian,3,,unassigned,,,1966.4114114114113,,,1966.0986633148386,,0.6260660259360937,3.3754862348240855,sigma,0.07399354957873923,0.6260660259360937,7.948662647489803,,,,,TRUE,,FALSE,,No automatic peak identity assignment was applied.
original-anchor-spline-011o-gaussian-p004,original-anchor-spline-011o-gaussian,4,,unassigned,,,2087.835835835836,,,2087.605861451079,,0.12088106691599347,2.517320091559105,sigma,0.019157106263334465,0.12088106691599347,5.927835811362525,,,,,TRUE,,FALSE,,No automatic peak identity assignment was applied.
original-anchor-spline-011o-lorentzian-p001,original-anchor-spline-011o-lorentzian,1,,unassigned,,,1908.2602602602603,,,1899.5262879009204,,0.08224586401633358,14.17855887903973,gamma,0.08224586401633358,3.6634986097785345,28.35711775807946,,,,,TRUE,,FALSE,,No automatic peak identity assignment was applied.
original-anchor-spline-011o-lorentzian-p002,original-anchor-spline-011o-lorentzian,2,,unassigned,,,1946.2242242242241,,,1946.4611369795264,,0.06224386988163016,2.4636900517669065,gamma,0.06224386988163016,0.481761986249785,4.927380103533813,,,,,TRUE,,FALSE,,No automatic peak identity assignment was applied.
original-anchor-spline-011o-lorentzian-p003,original-anchor-spline-011o-lorentzian,3,,unassigned,,,1966.4114114114113,,,1966.2144459456051,,0.07839592494321537,2.7401164751616434,gamma,0.07839592494321537,0.6748579759737888,5.480232950323287,,,,,TRUE,,FALSE,,No automatic peak identity assignment was applied.
original-anchor-spline-011o-lorentzian-p004,original-anchor-spline-011o-lorentzian,4,,unassigned,,,2087.835835835836,,,2087.6345376660433,,0.02046966685983815,2.164233922815577,gamma,0.02046966685983815,0.13917615923878737,4.328467845631154,,,,,TRUE,,FALSE,,No automatic peak identity assignment was applied.
original-anchor-spline-011p-gaussian-p001,original-anchor-spline-011p-gaussian,1,,unassigned,,,1907.9589589589589,,,1899.798626970446,,1.9545209966657056,12.896653421716765,sigma,0.06046072868712485,1.9545209966657056,30.36929799127562,,,,,TRUE,,FALSE,,No automatic peak identity assignment was applied.
original-anchor-spline-011p-gaussian-p002,original-anchor-spline-011p-gaussian,2,,unassigned,,,1946.2242242242241,,,1946.7559223399091,,0.4947123486071865,4.097252180797356,sigma,0.04816927633136105,0.4947123486071865,9.648291564888385,,,,,TRUE,,FALSE,,No automatic peak identity assignment was applied.
original-anchor-spline-011p-gaussian-p003,original-anchor-spline-011p-gaussian,3,,unassigned,,,1966.4114114114113,,,1966.168769995082,,0.667745851292423,3.331128966879831,sigma,0.07997050107991367,0.667745851292423,7.844209263791863,,,,,TRUE,,FALSE,,No automatic peak identity assignment was applied.
original-anchor-spline-011p-lorentzian-p001,original-anchor-spline-011p-lorentzian,1,,unassigned,,,1907.9589589589589,,,1900.8947123897317,,0.06353496443968942,12.42415371535617,gamma,0.06353496443968942,2.4798732265657994,24.84830743071234,,,,,TRUE,,FALSE,,No automatic peak identity assignment was applied.
original-anchor-spline-011p-lorentzian-p002,original-anchor-spline-011p-lorentzian,2,,unassigned,,,1946.2242242242241,,,1946.4390318766973,,0.05032622328564094,2.6962673000416157,gamma,0.05032622328564094,0.42629197542836633,5.3925346000832315,,,,,TRUE,,FALSE,,No automatic peak identity assignment was applied.
original-anchor-spline-011p-lorentzian-p003,original-anchor-spline-011p-lorentzian,3,,unassigned,,,1966.4114114114113,,,1966.2440848783422,,0.0854907718042588,2.872152528576697,gamma,0.0854907718042588,0.7713946285218429,5.744305057153394,,,,,TRUE,,FALSE,,No automatic peak identity assignment was applied.
original-anchor-spline-011q-gaussian-p001,original-anchor-spline-011q-gaussian,1,,unassigned,,,1966.11011011011,,,1966.1632209142588,,0.6002110933174741,2.890583422000005,sigma,0.08283780376925923,0.6002110933174741,6.806803783959768,,,,,TRUE,,FALSE,,No automatic peak identity assignment was applied.
original-anchor-spline-011q-lorentzian-p001,original-anchor-spline-011q-lorentzian,1,,unassigned,,,1966.11011011011,,,1966.170209224908,,0.09024210942498172,2.6705883026231936,gamma,0.09024210942498172,0.757122327313599,5.341176605246387,,,,,TRUE,,FALSE,,No automatic peak identity assignment was applied.
original-anchor-spline-011r-gaussian-p001,original-anchor-spline-011r-gaussian,1,,unassigned,,,1908.2602602602603,,,1908.1871732604166,,0.17359385640090075,3.1067814027395864,sigma,0.022291213947394393,0.17359385640090075,7.315911122700549,,,,,TRUE,,FALSE,,No automatic peak identity assignment was applied.
original-anchor-spline-011r-gaussian-p002,original-anchor-spline-011r-gaussian,2,,unassigned,,,1951.948948948949,,,1951.7171938345869,,0.10304827204154406,2.0995893980278955,sigma,0.019580167759608105,0.10304827204154406,4.9441552008105525,,,,,TRUE,,FALSE,,No automatic peak identity assignment was applied.
original-anchor-spline-011r-gaussian-p003,original-anchor-spline-011r-gaussian,3,,unassigned,,,1966.4114114114113,,,1966.4626078615272,,0.42009206098483537,2.6621290228235712,sigma,0.06295430587735827,0.42009206098483537,6.268834785403599,,,,,TRUE,,FALSE,,No automatic peak identity assignment was applied.
original-anchor-spline-011r-gaussian-p004,original-anchor-spline-011r-gaussian,4,,unassigned,,,2077.29029029029,,,2077.43134431959,,0.21274627620505712,3.7156896161873174,sigma,0.022841919897294206,0.21274627620505712,8.74978038931125,,,,,TRUE,,FALSE,,No automatic peak identity assignment was applied.
original-anchor-spline-011r-gaussian-p005,original-anchor-spline-011r-gaussian,5,,unassigned,,,2087.5345345345345,,,2087.6659516456884,,0.15508275867840995,2.8346342288497404,sigma,0.021826120904218267,0.15508275867840995,6.675053502426216,,,,,TRUE,,FALSE,,No automatic peak identity assignment was applied.
original-anchor-spline-011r-lorentzian-p001,original-anchor-spline-011r-lorentzian,1,,unassigned,,,1908.2602602602603,,,1908.2074316927988,,0.02403421091211886,2.8170021648027435,gamma,0.02403421091211886,0.21269972158411793,5.634004329605487,,,,,TRUE,,FALSE,,No automatic peak identity assignment was applied.
original-anchor-spline-011r-lorentzian-p002,original-anchor-spline-011r-lorentzian,2,,unassigned,,,1951.948948948949,,,1951.6438852186627,,0.01959043222745634,1.5271201160030003,gamma,0.01959043222745634,0.0939868487731108,3.0542402320060007,,,,,TRUE,,FALSE,,No automatic peak identity assignment was applied.
original-anchor-spline-011r-lorentzian-p003,original-anchor-spline-011r-lorentzian,3,,unassigned,,,1966.4114114114113,,,1966.4300238255582,,0.06775318236008207,2.4643590036984366,gamma,0.06775318236008207,0.5245459604791655,4.928718007396873,,,,,TRUE,,FALSE,,No automatic peak identity assignment was applied.
original-anchor-spline-011r-lorentzian-p004,original-anchor-spline-011r-lorentzian,4,,unassigned,,,2077.29029029029,,,2077.399030171513,,0.023067482646638188,3.451016170389315,gamma,0.023067482646638188,0.2500904278472803,6.90203234077863,,,,,TRUE,,FALSE,,No automatic peak identity assignment was applied.
original-anchor-spline-011r-lorentzian-p005,original-anchor-spline-011r-lorentzian,5,,unassigned,,,2087.5345345345345,,,2087.514062463681,,0.02133586249812676,2.759437096437234,gamma,0.02133586249812676,0.184961174683154,5.518874192874468,,,,,TRUE,,FALSE,,No automatic peak identity assignment was applied.
original-anchor-spline-011s-gaussian-p001,original-anchor-spline-011s-gaussian,1,,unassigned,,,1907.6576576576576,,,1908.0710998227657,,0.259090571695574,3.7013141344008864,sigma,0.027925806821439626,0.259090571695574,8.715928716643585,,,,,TRUE,,FALSE,,No automatic peak identity assignment was applied.
original-anchor-spline-011s-gaussian-p002,original-anchor-spline-011s-gaussian,2,,unassigned,,,1951.948948948949,,,1951.8385637406584,,0.33105773804062394,2.849735256228991,sigma,0.04634568375072028,0.33105773804062394,6.710613704399436,,,,,TRUE,,FALSE,,No automatic peak identity assignment was applied.
original-anchor-spline-011s-gaussian-p003,original-anchor-spline-011s-gaussian,3,,unassigned,,,1966.11011011011,,,1966.0301889218122,,0.37341294313662976,2.847449438974503,sigma,0.0523170698054567,0.37341294313662976,6.705231016109291,,,,,TRUE,,FALSE,,No automatic peak identity assignment was applied.
original-anchor-spline-011s-gaussian-p004,original-anchor-spline-011s-gaussian,4,,unassigned,,,2076.988988988989,,,2076.4537669010188,,0.11867068924136467,3.0253696714640186,sigma,0.015648585304899276,0.11867068924136467,7.124201145992169,,,,,TRUE,,FALSE,,No automatic peak identity assignment was applied.
original-anchor-spline-011s-lorentzian-p001,original-anchor-spline-011s-lorentzian,1,,unassigned,,,1907.6576576576576,,,1907.9763265613801,,0.030432223824091265,3.290359755282414,gamma,0.030432223824091265,0.3145769857638674,6.580719510564828,,,,,TRUE,,FALSE,,No automatic peak identity assignment was applied.
original-anchor-spline-011s-lorentzian-p002,original-anchor-spline-011s-lorentzian,2,,unassigned,,,1951.948948948949,,,1951.7825884975327,,0.04865812555933319,2.475940616034814,gamma,0.04865812555933319,0.3784822105805198,4.951881232069628,,,,,TRUE,,FALSE,,No automatic peak identity assignment was applied.
original-anchor-spline-011s-lorentzian-p003,original-anchor-spline-011s-lorentzian,3,,unassigned,,,1966.11011011011,,,1966.0930406836062,,0.05544172891392736,2.5292988389847664,gamma,0.05544172891392736,0.4405414555435366,5.058597677969533,,,,,TRUE,,FALSE,,No automatic peak identity assignment was applied.
original-anchor-spline-011s-lorentzian-p004,original-anchor-spline-011s-lorentzian,4,,unassigned,,,2076.988988988989,,,2076.650515326294,,0.017118679570746663,2.7316467794087096,gamma,0.017118679570746663,0.14690773974314927,5.463293558817419,,,,,TRUE,,FALSE,,No automatic peak identity assignment was applied.
original-anchor-spline-011t-gaussian-p001,original-anchor-spline-011t-gaussian,1,,unassigned,,,1907.3563563563564,,,1893.2298390444575,,4.687336826114512,23.142853096960327,sigma,0.08080148262555178,4.687336826114512,54.49725437192876,,,,,TRUE,,FALSE,,No automatic peak identity assignment was applied.
original-anchor-spline-011t-gaussian-p002,original-anchor-spline-011t-gaussian,2,,unassigned,,,1951.6476476476475,,,1951.8737154673984,,0.31698115240614283,2.6844099389708926,sigma,0.04710800014161023,0.31698115240614283,6.3213023333689655,,,,,TRUE,,FALSE,,No automatic peak identity assignment was applied.
original-anchor-spline-011t-gaussian-p003,original-anchor-spline-011t-gaussian,3,,unassigned,,,1965.8088088088089,,,1965.8912443826855,,0.32563346440808244,2.6526766608027286,sigma,0.04897278239205654,0.32563346440808244,6.24657617384403,,,,,TRUE,,FALSE,,No automatic peak identity assignment was applied.
original-anchor-spline-011t-gaussian-p004,original-anchor-spline-011t-gaussian,4,,unassigned,,,2076.6876876876877,,,2076.5663242068626,,0.09870495526530543,2.6139817811978316,sigma,0.015064213616063521,0.09870495526530543,6.155456695710359,,,,,TRUE,,FALSE,,No automatic peak identity assignment was applied.
original-anchor-spline-011t-gaussian-p005,original-anchor-spline-011t-gaussian,5,,unassigned,,,2087.835835835836,,,2087.8163824723483,,0.07491311401558173,2.29526393697606,sigma,0.01302072849047705,0.07491311401558173,5.40493352742788,,,,,TRUE,,FALSE,,No automatic peak identity assignment was applied.
original-anchor-spline-011t-lorentzian-p001,original-anchor-spline-011t-lorentzian,1,,unassigned,,,1907.3563563563564,,,1896.395375997045,,0.08992034014405832,21.38938625212379,gamma,0.08992034014405832,6.0423536017762505,42.77877250424758,,,,,TRUE,,FALSE,,No automatic peak identity assignment was applied.
original-anchor-spline-011t-lorentzian-p002,original-anchor-spline-011t-lorentzian,2,,unassigned,,,1951.6476476476475,,,1951.873146797851,,0.043428651224776384,-1.6258401037601948,gamma,0.043428651224776384,0.22182170858710618,3.2516802075203897,,,,,FALSE,nonpositive_raw_width,FALSE,,No automatic peak identity assignment was applied.
original-anchor-spline-011t-lorentzian-p003,original-anchor-spline-011t-lorentzian,3,,unassigned,,,1965.8088088088089,,,1965.9158060590298,,0.04672695128213776,1.7951512493741344,gamma,0.04672695128213776,0.2635229020978031,3.590302498748269,,,,,TRUE,,FALSE,,No automatic peak identity assignment was applied.
original-anchor-spline-011t-lorentzian-p004,original-anchor-spline-011t-lorentzian,4,,unassigned,,,2076.6876876876877,,,2076.6129121531862,,0.014967798004057578,1.9926266527881722,gamma,0.014967798004057578,0.09369873362718549,3.9852533055763444,,,,,TRUE,,FALSE,,No automatic peak identity assignment was applied.
original-anchor-spline-011t-lorentzian-p005,original-anchor-spline-011t-lorentzian,5,,unassigned,,,2087.835835835836,,,2087.7971039674485,,0.012762421617931098,1.7195171111068115,gamma,0.012762421617931098,0.06894288648804625,3.439034222213623,,,,,TRUE,,FALSE,,No automatic peak identity assignment was applied.
