group,metric,value,notes
within_25mV,matched_peak_count,21.0,potential_gap_mV <= 25
within_25mV,unique_sample_count,13.0,potential_gap_mV <= 25
within_25mV,centre_MAE_cm1,0.9390997287090331,Mean absolute peak-centre error.
within_25mV,centre_median_absolute_error_cm1,1.0849381864907173,Median absolute peak-centre error.
within_25mV,centre_max_absolute_error_cm1,1.5893493868488804,Largest peak-centre error.
within_25mV,height_MAE,0.02849285346758823,Mean absolute peak-height error.
within_25mV,height_median_absolute_error,0.03128669680067311,Median absolute peak-height error.
within_25mV,height_mean_relative_error_percent,93.61646827256419,Mean row-wise relative height error; can be inflated by very small manual heights.
within_25mV,height_normalized_aggregate_error,0.6841959942132948,sum(abs(Original-manual)) / sum(abs(manual)); more stable than averaging row-wise percentages.
