Wavenumber,Asborbance
1848.749511584237,0.359922626100367
1850.6770134674157,0.3614057125019508
1852.6045153505938,0.36228184680892184
1854.5320172337724,0.36350425265263825
1856.4595191169506,0.36554502609293504
1858.3870210001292,0.3685068709791327
1860.3145228833073,0.37169484004041503
1862.2420247664859,0.374391372668393
1864.169526649664,0.37709807247980154
1866.0970285328426,0.3806627279991288
1868.0245304160208,0.38432558180428367
1869.9520322991993,0.38804048851012823
1871.8795341823775,0.3932113518743944
1873.807036065556,0.3988531862615226
1875.7345379487342,0.4032984466389772
1877.6620398319128,0.4071412683140947
1879.589541715091,0.4108829397143748
1881.5170435982695,0.4144677648794609
1883.4445454814481,0.417794451075967
1885.3720473646263,0.41987596780588216
1887.2995492478049,0.4200325328109454
1889.227051130983,0.4191034424074389
1891.1545530141616,0.4186172688043573
1893.0820548973397,0.418518960504026
1895.0095567805183,0.41711607455938504
1896.9370586636965,0.4136402246765545
1898.864560546875,0.40814751552867357
1900.7920624300532,0.401355846305243
1902.7195643132318,0.3948278931166551
1904.64706619641,0.3884199262428779
1906.5745680795885,0.38100687150923734
1908.5020699627667,0.37351317577865417
1910.4295718459452,0.36689888483599636
1912.3570737291234,0.3602351112396102
1914.284575612302,0.3526177480417605
1916.2120774954801,0.3436849299497232
1918.1395793786587,0.3345364800434753
1920.0670812618368,0.3274876941743147
1921.9945831450154,0.32227791118725757
1923.9220850281936,0.3180702791999311
1925.8495869113722,0.3157868391949773
1927.7770887945503,0.3150465042470693
1929.704590677729,0.3145162861173304
1931.6320925609075,0.3140852142348914
1933.5595944440856,0.3157706960126716
1935.4870963272642,0.32217216828934947
1937.4145982104424,0.3315782263441985
1939.342100093621,0.3386309084288497
1964.3996245749397,0.34590392777913836
1966.327126458118,0.34387244762473496
1968.2546283412964,0.34603618114732376
1970.1821302244748,0.35048116374182775
1972.1096321076532,0.35363853405113976
1974.0371339908315,0.35466888377689754
1975.96463587401,0.3558301248061415
1977.8921377571883,0.3575066942210462
1979.8196396403666,0.35834889175028983
1981.747141523545,0.3574673900045379
1983.6746434067234,0.3550464750153384
1985.6021452899017,0.3529673424316932
1987.52964717308,0.35201912625123355
1989.4571490562585,0.35034792497782186
1991.3846509394368,0.3472179537242957
1993.3121528226152,0.34410185238009067
1995.2396547057936,0.34157885166549024
1997.167156588972,0.3382934292336261
1999.0946584721503,0.33375679533378716
2001.0221603553289,0.3288825909814237
2002.9496622385072,0.3237839353389062
2004.8771641216856,0.31836165749051937
2006.804666004864,0.3128006671202309
2008.7321678880423,0.30752883333080716
2010.6596697712207,0.30293408477372974
2012.587171654399,0.2988117187180704
2014.5146735375774,0.29545306366006874
2016.4421754207558,0.292665752051695
2018.3696773039342,0.2893935792677714
2020.2971791871125,0.28566418147307143
2022.224681070291,0.2827082276472995
2024.1521829534693,0.28139607269735595
2026.0796848366476,0.2809263932830591
2028.007186719826,0.28045966959388463
2029.9346886030044,0.28063166742790135
2031.8621904861827,0.281899359564241
2033.789692369361,0.2834492658570154
2035.7171942525395,0.28434666222888205
2037.6446961357178,0.2847012966543309
2039.5721980188962,0.28549308811034463
2041.4996999020746,0.2875152472148773
2043.427201785253,0.29003312883194904
2045.3547036684313,0.2923896546527876
2047.2822055516096,0.2953921358592159
2049.2097074347885,0.2985715207023811
2051.1372093179666,0.300661332284539
2053.0647112011447,0.3027886665864776
2054.9922130843233,0.3069821212230719
2056.919714967502,0.312088372082266
2058.84721685068,0.3144755622529571
2060.774718733858,0.31364546924581804
2062.702220617037,0.31226377278244055
2064.6297225002154,0.31119459038032254
2066.5572243833935,0.3096553179808832
2068.4847262665717,0.30792506454927004
2070.4122281497503,0.30642451075995886
2072.339730032929,0.3041777725103009
2074.267231916107,0.3005188469581944
2076.194733799285,0.2970797295937217
2078.1222356824637,0.29499022773012284
2080.0497375656423,0.291658024956733
2081.9772394488205,0.28509138210869756
2083.9047413319986,0.27842662924888406
2085.832243215177,0.273591098763855
2087.759745098356,0.2663081293795125
2089.687246981534,0.25460304679204343
2091.614748864712,0.24238648937962065
2093.5422507478906,0.2307589153272049
2095.4697526310692,0.2178170203475639
2097.397254514248,0.2051342222560785
2099.324756397426,0.19564344002110293
2101.252258280604,0.18837749445642182
2103.1797601637827,0.1811393767173964
2105.1072620469613,0.17453058353307238
2107.0347639301394,0.1690972722490222
2108.9622658133176,0.1636764024874182
2110.889767696496,0.15853623770370576
2112.8172695796748,0.1558498404498877
2114.744771462853,0.15569964696271604
2116.672273346031,0.15481798908224273
2118.5997752292096,0.15173193081698352
2120.527277112388,0.14892119429432607
2122.4547789955664,0.14831113831562312
2124.3822808787445,0.14941008013525311
2126.309782761923,0.15159539046444143
2128.2372846451017,0.1545552306905166
2130.16478652828,0.1575749486510056
2132.092288411458,0.16086583384556224
2134.0197902946366,0.1658282400166467
2135.947292177815,0.1723355344703042
2137.8747940609933,0.17876119628405063
2139.8022959441714,0.18429682391656543
2141.72979782735,0.18923837589367198
2143.6572997105286,0.19484638747378188
2145.584801593707,0.2015549610223569
2147.5123034768853,0.2084029720794251
2149.4398053600635,0.21487385261284392
