wavenumber,cut_subtracted_absorbance
2149.4398053600635,0.2431240584519087
2147.5123034768853,0.23568273333185685
2145.584801593707,0.2286492998977261
2143.6572997105286,0.22308173315733318
2141.72979782735,0.21915338194746914
2139.8022959441714,0.21571047184743394
2137.8747940609933,0.21028391411258968
2135.947292177815,0.20258480080744895
2134.0197902946366,0.19586943382208444
2132.092288411458,0.19300634299446626
2130.16478652828,0.19252152046394455
2128.2372846451017,0.19075389610680027
2126.309782761923,0.18660628423769093
2124.3822808787445,0.18226821254619494
2122.4547789955664,0.18070251783161784
2120.527277112388,0.18320100406310424
2118.5997752292096,0.18841281188707504
2116.672273346031,0.19338130603068515
2114.744771462853,0.19607602601644977
2112.8172695796748,0.1975261273309933
2110.889767696496,0.19972000293892925
2108.9622658133176,0.20247811342300093
2107.0347639301394,0.20576738624644345
2105.1072620469613,0.21125601696423363
2103.1797601637827,0.21905935112892666
2101.252258280604,0.22689037347059962
2099.324756397426,0.23398934127886556
2097.397254514248,0.2428219500230137
2095.4697526310692,0.25443730169273227
2093.5422507478906,0.2663637967008556
2091.614748864712,0.27905347067153974
2089.687246981534,0.2956261233375375
2087.759745098356,0.3114215546828954
2085.832243215177,0.3177875394638155
2083.9047413319986,0.31735079960289386
2081.9772394488205,0.31966762717914415
2080.0497375656423,0.32646145672757987
2078.1222356824637,0.33323066011025604
2076.194733799285,0.3381002164940196
2074.267231916107,0.3406600904521882
2072.339730032929,0.3407906595213483
2070.4122281497503,0.3407242580654736
2068.4847262665717,0.3418178174557379
2066.5572243833935,0.3432101433966015
2064.6297225002154,0.34477792425978643
2062.702220617037,0.3469361851728987
2060.774718733858,0.3485829538811934
2058.84721685068,0.3489296776234808
2056.919714967502,0.3478887177625746
2054.9922130843233,0.3445840894686221
2053.0647112011447,0.3393878036091238
2051.1372093179666,0.3340855461721771
2049.2097074347885,0.3301286976677409
2047.2822055516096,0.32740001381258305
2045.3547036684313,0.32500100821369576
2043.427201785253,0.3232146123301001
2041.4996999020746,0.3220448141726762
2039.5721980188962,0.3216642166335092
2037.6446961357178,0.32228118052274474
2035.7171942525395,0.3223925691776414
2033.789692369361,0.3214321271611704
2031.8621904861827,0.32030840908500824
2029.9346886030044,0.31976011554945016
2028.007186719826,0.3198845466512084
2026.0796848366476,0.3203198441427627
2024.1521829534693,0.3216585835844231
2022.224681070291,0.3234695176102278
2020.2971791871125,0.32471432751566703
2018.3696773039342,0.3275453805216212
2016.4421754207558,0.3333471038758702
2014.5146735375774,0.3393075557635633
2012.587171654399,0.34330902368594013
2010.6596697712207,0.3464705132670918
2008.7321678880423,0.35032609745405496
2006.804666004864,0.35522770676299853
2004.8771641216856,0.3607453327496437
2002.9496622385072,0.36527198335100014
2001.0221603553289,0.36869667302074177
1999.0946584721503,0.37334345572204763
1997.167156588972,0.3783607464189642
1995.2396547057936,0.38106999177871176
1993.3121528226152,0.38298842001853234
1991.3846509394368,0.3863310122904814
1989.4571490562585,0.3895401755009171
1987.52964717308,0.3911181315980601
1985.6021452899017,0.3920040741940839
1983.6746434067234,0.3927388252885584
1981.747141523545,0.39303992409427424
1979.8196396403666,0.3926045870986487
1977.8921377571883,0.39147004684917
1975.96463587401,0.389839686912397
1974.0371339908315,0.3871876327021471
1972.1096321076532,0.3844488308855401
1970.1821302244748,0.3837119483752725
1968.2546283412964,0.38426758263405075
1966.327126458118,0.3828735606590466
1964.3996245749397,0.3781407827109955
1962.4721226917613,0.37248207819134754
1960.544620808583,0.3684725317152102
1958.6171189254046,0.3659384085937374
1956.6896170422262,0.36447483596420044
1954.7621151590479,0.36756282525226597
1952.8346132758695,0.38296730477664015
1950.907111392691,0.41602589520168776
1948.9796095095126,0.456050843730564
1947.0521076263344,0.4721715440313468
1945.1246057431558,0.44768452614143933
1943.1971038599777,0.4083447976410866
1941.269601976799,0.3826803688152808
1939.342100093621,0.3709560682905445
1937.4145982104424,0.3630643935068762
1935.4870963272642,0.3567759406813492
1933.5595944440856,0.354452118219368
1931.6320925609075,0.35597926957241477
1929.704590677729,0.3584601366409582
1927.7770887945503,0.3598488746776873
1925.8495869113722,0.3610249279470228
1923.9220850281936,0.3641697850479015
1921.9945831450154,0.368602862691457
1920.0670812618368,0.3730017778549391
1918.1395793786587,0.38088114069165324
1916.2120774954801,0.39340665578276535
1914.284575612302,0.4061951986143596
1912.3570737291234,0.4172207292392074
1910.4295718459452,0.42605327776695956
1908.5020699627667,0.43213973874523315
1906.5745680795885,0.4368302764340946
1904.64706619641,0.44149545791352157
1902.7195643132318,0.4464440546535939
1900.7920624300532,0.45123126260227286
1898.864560546875,0.4546236784871912
1896.9370586636965,0.4563492226749671
1895.0095567805183,0.45744232117666206
1893.0820548973397,0.45748239311630223
1891.1545530141616,0.456188987931294
1889.227051130983,0.4557058961936584
1887.2995492478049,0.45623603987939737
1885.3720473646263,0.45556218820631716
1883.4445454814481,0.45277872670181146
1881.5170435982695,0.4484774685438499
1879.589541715091,0.44418459981422054
1877.6620398319128,0.4407191612863545
1875.7345379487342,0.4373465019927093
1873.807036065556,0.432286870063146
1871.8795341823775,0.4244003319921223
1869.9520322991993,0.4171373404918834
1868.0245304160208,0.41468011940609806
1866.0970285328426,0.4147753881946712
1864.169526649664,0.413370566562742
1862.2420247664859,0.4105419680175586
1860.3145228833073,0.4080604552867945
1858.3870210001292,0.4066356080498101
1856.4595191169506,0.40564273245942606
1854.5320172337724,0.40490430571968944
1852.6045153505938,0.4047946672463123
1850.6770134674157,0.40443243798278
1848.749511584237,0.40033688311130666
